{
  "globalStyle": {
    "navigationStyle": "default",
    "navigationBarTitleText": "unibest",
    "navigationBarBackgroundColor": "#f8f8f8",
    "navigationBarTextStyle": "black",
    "backgroundColor": "#FFFFFF"
  },
  "easycom": {
    "autoscan": true,
    "custom": {
      "^fg-(.*)": "@/components/fg-$1/fg-$1.vue",
      "^wd-(.*)": "wot-design-uni/components/wd-$1/wd-$1.vue",
      "^(?!z-paging-refresh|z-paging-load-more)z-paging(.*)": "z-paging/components/z-paging$1/z-paging$1.vue"
    }
  },
  "tabBar": {
    "custom": false,
    "color": "#999999",
    "selectedColor": "#018d71",
    "backgroundColor": "#F8F8F8",
    "borderStyle": "black",
    "height": "50px",
    "fontSize": "10px",
    "iconWidth": "24px",
    "spacing": "3px",
    "list": [
      {
        "iconPath": "static/tabbar/home.png",
        "selectedIconPath": "static/tabbar/homeHL.png",
        "pagePath": "pages/index/index",
        "text": "首页",
        "icon": "home",
        "iconType": "uiLib"
      },
      {
        "iconPath": "static/tabbar/example.png",
        "selectedIconPath": "static/tabbar/exampleHL.png",
        "pagePath": "pages/about/about",
        "text": "关于",
        "icon": "i-carbon-code",
        "iconType": "unocss"
      }
    ]
  },
  "pages": [
    {
      "path": "pages/index/index",
      "type": "home",
      "layout": "tabbar",
      "style": {
        "navigationStyle": "custom",
        "navigationBarTitleText": "首页"
      }
    },
    {
      "path": "pages/about/about",
      "type": "page",
      "layout": "tabbar",
      "style": {
        "navigationBarTitleText": "关于"
      }
    },
    {
      "path": "pages/about/alova",
      "type": "page",
      "layout": "default",
      "style": {
        "navigationBarTitleText": "Alova 请求演示"
      }
    },
    {
      "path": "pages/about/vue-query",
      "type": "page",
      "layout": "default",
      "style": {
        "navigationBarTitleText": "Vue Query 请求演示"
      }
    }
  ],
  "subPackages": [
    {
      "root": "pages-sub",
      "pages": [
        {
          "path": "demo/index",
          "type": "page",
          "layout": "default",
          "style": {
            "navigationBarTitleText": "分包页面"
          }
        }
      ]
    }
  ]
}
